{
"lengthUnit": "mil",
"remark": [],
"components": {
	"fields": ["COMPONENT_NO", "COMPONENT_NAME", "LAYER", "X_COORDINATE", "Y_COORDINATE", "ANGLE"],
	"rows": [
		[1, "C1", "T", 1150, -155, 0],
		[2, "C2", "T", 1145, -265, 0],
		[3, "C3", "T", 1420, -140, 270],
		[4, "C4", "T", 1420, -510, 180],
		[5, "C5", "T", 1420, -570, 180],
		[6, "C6", "T", 1330, -1055, 0],
		[7, "C7", "T", 1175, -1050, 180],
		[8, "CN1", "T", 1860, -220, 270],
		[9, "CN2", "T", 1905, -885, 90],
		[10, "FB1", "T", 1120, -900, 90],
		[11, "L1", "T", 1635, -275, 0],
		[12, "L2", "T", 1630, -170, 0],
		[13, "R1", "T", 1290, -714.08, 180],
		[14, "R2", "T", 1395, -860, 270],
		[15, "U1", "T", 615, -560, 0],
		[16, "U2", "T", 1310, -215, 0],
		[17, "U3", "T", 1235, -555, 0],
		[18, "U4", "T", 1255, -925, 0],
		[19, "PAD1", "T", 1171.46, -155, 0],
		[20, "PAD2", "T", 1128.54, -155, 0],
		[21, "PAD3", "T", 1166.46, -265, 0],
		[22, "PAD4", "T", 1123.54, -265, 0],
		[23, "PAD5", "T", 1420, -161.46, 0],
		[24, "PAD6", "T", 1420, -118.54, 0],
		[25, "PAD7", "T", 1398.54, -510, 0],
		[26, "PAD8", "T", 1441.46, -510, 0],
		[27, "PAD9", "T", 1398.54, -570, 0],
		[28, "PAD10", "T", 1441.46, -570, 0],
		[29, "PAD11", "T", 1351.46, -1055, 0],
		[30, "PAD12", "T", 1308.54, -1055, 0],
		[31, "PAD13", "T", 1153.54, -1050, 0],
		[32, "PAD14", "T", 1196.46, -1050, 0],
		[33, "PAD15", "T", 1860, -269.213, 0],
		[34, "PAD15", "B", 1860, -269.213, 0],
		[35, "PAD16", "T", 1860, -170.788, 0],
		[36, "PAD16", "B", 1860, -170.788, 0],
		[37, "PAD17", "T", 1981.28, -1014.92, 0],
		[38, "PAD18", "T", 1828.72, -806.26, 0],
		[39, "PAD19", "T", 1828.72, -845.63, 0],
		[40, "PAD20", "T", 1828.72, -885, 0],
		[41, "PAD21", "T", 1828.72, -924.37, 0],
		[42, "PAD22", "T", 1828.72, -963.74, 0],
		[43, "PAD23", "T", 1981.28, -755.08, 0],
		[44, "PAD24", "T", 1120, -878.54, 0],
		[45, "PAD25", "T", 1120, -921.46, 0],
		[46, "PAD26", "T", 1607.445, -275, 0],
		[47, "PAD27", "T", 1662.555, -275, 0],
		[48, "PAD28", "T", 1602.445, -170, 0],
		[49, "PAD29", "T", 1657.555, -170, 0],
		[50, "PAD30", "T", 1272.96, -714.08, 0],
		[51, "PAD31", "T", 1307.04, -714.08, 0],
		[52, "PAD32", "T", 1395, -877.04, 0],
		[53, "PAD33", "T", 1395, -842.96, 0],
		[54, "PAD34", "T", 260.67, -160, 0],
		[55, "PAD35", "T", 260.67, -260, 0],
		[56, "PAD36", "T", 969.33, -760, 0],
		[57, "PAD37", "T", 969.33, -660, 0],
		[58, "PAD38", "T", 969.33, -560, 0],
		[59, "PAD39", "T", 969.33, -460, 0],
		[60, "PAD40", "T", 1258.82, -177.6, 0],
		[61, "PAD41", "T", 1258.82, -215, 0],
		[62, "PAD42", "T", 1258.82, -252.4, 0],
		[63, "PAD43", "T", 1361.18, -177.6, 0],
		[64, "PAD44", "T", 1205.535, -614.055, 0],
		[65, "PAD45", "T", 1244.905, -614.055, 0],
		[66, "PAD46", "T", 1264.585, -614.055, 0],
		[67, "PAD47", "T", 1294.055, -545.075, 0],
		[68, "PAD48", "T", 1294.055, -525.395, 0],
		[69, "PAD49", "T", 1264.525, -495.945, 0],
		[70, "PAD50", "T", 1244.845, -495.945, 0],
		[71, "PAD51", "T", 1225.155, -495.945, 0],
		[72, "PAD52", "T", 1175.945, -545.075, 0],
		[73, "PAD53", "T", 1175.945, -564.765, 0],
		[74, "PAD54", "T", 1175.945, -584.445, 0],
		[75, "PAD55", "T", 1235.005, -555.005, 0],
		[76, "PAD56", "T", 1308.15, -887.6, 0],
		[77, "PAD57", "T", 1308.15, -925, 0],
		[78, "PAD58", "T", 1308.15, -962.4, 0],
		[79, "PAD59", "T", 1201.85, -962.4, 0],
		[80, "PAD60", "T", 1201.85, -925, 0]
	]
},
"pins": {
	"fields": ["PIN_NO", "PIN_NAME", "PIN_X", "PIN_Y", "LAYER", "PIN_TYPE", "NET_NAME", "NET_TYPE", "PAD_SHAPE", "PAD_SIZEX", "PAD_SIZEY", "HOLE_SIZE", "HOLE_LEN", "PAD_ANGLE"],
	"rows": [
		[1, "C1_1", 1128.54, -155, "T", "SMD", "GND", "GND", "R", 31.106, 21.26, 0, 0, 0],
		[2, "C1_2", 1171.46, -155, "T", "SMD", "5VEN", "", "R", 31.106, 21.26, 0, 0, 0],
		[3, "C2_1", 1123.54, -265, "T", "SMD", "GND", "GND", "R", 31.106, 21.26, 0, 0, 0],
		[4, "C2_2", 1166.46, -265, "T", "SMD", "$1N380", "", "R", 31.106, 21.26, 0, 0, 0],
		[5, "C3_1", 1420, -118.54, "T", "SMD", "GND", "GND", "R", 31.106, 21.26, 0, 0, 270],
		[6, "C3_2", 1420, -161.46, "T", "SMD", "3V3", "", "R", 31.106, 21.26, 0, 0, 270],
		[7, "C4_1", 1441.46, -510, "T", "SMD", "GND", "GND", "R", 31.106, 21.26, 0, 0, 180],
		[8, "C4_2", 1398.54, -510, "T", "SMD", "3V3", "", "R", 31.106, 21.26, 0, 0, 180],
		[9, "C5_1", 1441.46, -570, "T", "SMD", "GND", "GND", "R", 31.106, 21.26, 0, 0, 180],
		[10, "C5_2", 1398.54, -570, "T", "SMD", "3V3", "", "R", 31.106, 21.26, 0, 0, 180],
		[11, "C6_1", 1308.54, -1055, "T", "SMD", "5V", "", "R", 31.106, 21.26, 0, 0, 0],
		[12, "C6_2", 1351.46, -1055, "T", "SMD", "GND", "GND", "R", 31.106, 21.26, 0, 0, 0],
		[13, "C7_1", 1196.46, -1050, "T", "SMD", "5VEN", "", "R", 31.106, 21.26, 0, 0, 180],
		[14, "C7_2", 1153.54, -1050, "T", "SMD", "GND", "GND", "R", 31.106, 21.26, 0, 0, 180],
		[15, "CN1_1", 1860, -269.213, "T", "DIP", "$1N1458", "", "C", 66.929, 66.929, 39.37, 39.37, 90],
		[16, "CN1_1", 1860, -269.213, "B", "DIP", "$1N1458", "", "C", 66.929, 66.929, 39.37, 39.37, 90],
		[17, "CN1_2", 1860, -170.788, "T", "DIP", "$1N1467", "", "C", 66.929, 66.929, 39.37, 39.37, 90],
		[18, "CN1_2", 1860, -170.788, "B", "DIP", "$1N1467", "", "C", 66.929, 66.929, 39.37, 39.37, 90],
		[19, "CN2_1", 1828.72, -963.74, "T", "SMD", "5V", "", "R", 23.622, 61.024, 0, 0, 90],
		[20, "CN2_2", 1828.72, -924.37, "T", "SMD", "GND", "GND", "R", 23.622, 61.024, 0, 0, 90],
		[21, "CN2_3", 1828.72, -885, "T", "SMD", "X3V3", "", "R", 23.622, 61.024, 0, 0, 90],
		[22, "CN2_4", 1828.72, -845.63, "T", "SMD", "GND", "GND", "R", 23.622, 61.024, 0, 0, 90],
		[23, "CN2_5", 1828.72, -806.26, "T", "SMD", "EJECT", "", "R", 23.622, 61.024, 0, 0, 90],
		[24, "CN2_6", 1981.28, -755.08, "T", "SMD", "GND", "GND", "R", 47.244, 70.866, 0, 0, 90],
		[25, "CN2_7", 1981.28, -1014.92, "T", "SMD", "GND", "GND", "R", 47.244, 70.866, 0, 0, 90],
		[26, "FB1_1", 1120, -921.46, "T", "SMD", "5VEN", "", "R", 31.106, 21.26, 0, 0, 90],
		[27, "FB1_2", 1120, -878.54, "T", "SMD", "$1N380", "", "R", 31.106, 21.26, 0, 0, 90],
		[28, "L1_1", 1607.445, -275, "T", "SMD", "SPK+", "", "R", 31.496, 34.016, 0, 0, 180],
		[29, "L1_2", 1662.555, -275, "T", "SMD", "$1N1458", "", "R", 31.496, 34.016, 0, 0, 180],
		[30, "L2_1", 1602.445, -170, "T", "SMD", "SPK-", "", "R", 31.496, 34.016, 0, 0, 180],
		[31, "L2_2", 1657.555, -170, "T", "SMD", "$1N1467", "", "R", 31.496, 34.016, 0, 0, 180],
		[32, "R1_1", 1307.04, -714.08, "T", "SMD", "3V3", "", "R", 22.27, 21.26, 0, 0, 180],
		[33, "R1_2", 1272.96, -714.08, "T", "SMD", "$1N1321", "", "R", 22.27, 21.26, 0, 0, 180],
		[34, "R2_1", 1395, -842.96, "T", "SMD", "GND", "GND", "R", 22.27, 21.26, 0, 0, 270],
		[35, "R2_2", 1395, -877.04, "T", "SMD", "X3V3", "", "R", 22.27, 21.26, 0, 0, 270],
		[36, "U1_1", 260.67, -160, "T", "SMD", "5VEN", "", "R", 78.74, 59.055, 0, 0, 0],
		[37, "U1_2", 260.67, -260, "T", "SMD", "GND", "GND", "R", 78.74, 59.055, 0, 0, 0],
		[38, "U1_3", 260.67, -360, "T", "SMD", "NET_1", "", "R", 78.74, 59.055, 0, 0, 0],
		[39, "U1_4", 260.67, -460, "T", "SMD", "NET_2", "", "R", 78.74, 59.055, 0, 0, 0],
		[40, "U1_5", 260.67, -560, "T", "SMD", "NET_3", "", "R", 78.74, 59.055, 0, 0, 0],
		[41, "U1_6", 260.67, -660, "T", "SMD", "NET_4", "", "R", 78.74, 59.055, 0, 0, 0],
		[42, "U1_7", 260.67, -760, "T", "SMD", "NET_5", "", "R", 78.74, 59.055, 0, 0, 0],
		[43, "U1_8", 260.67, -860, "T", "SMD", "NET_6", "", "R", 78.74, 59.055, 0, 0, 0],
		[44, "U1_9", 260.67, -960, "T", "SMD", "NET_7", "", "R", 78.74, 59.055, 0, 0, 0],
		[45, "U1_10", 969.33, -960, "T", "SMD", "NET_8", "", "R", 78.74, 59.055, 0, 0, 0],
		[46, "U1_11", 969.33, -860, "T", "SMD", "NET_9", "", "R", 78.74, 59.055, 0, 0, 0],
		[47, "U1_12", 969.33, -760, "T", "SMD", "EJECT", "", "R", 78.74, 59.055, 0, 0, 0],
		[48, "U1_13", 969.33, -660, "T", "SMD", "DOUT", "", "R", 78.74, 59.055, 0, 0, 0],
		[49, "U1_14", 969.33, -560, "T", "SMD", "LCLK", "", "R", 78.74, 59.055, 0, 0, 0],
		[50, "U1_15", 969.33, -460, "T", "SMD", "BCLK", "", "R", 78.74, 59.055, 0, 0, 0],
		[51, "U1_16", 969.33, -360, "T", "SMD", "NET_10", "", "R", 78.74, 59.055, 0, 0, 0],
		[52, "U1_17", 969.33, -260, "T", "SMD", "NET_11", "", "R", 78.74, 59.055, 0, 0, 0],
		[53, "U1_18", 969.33, -160, "T", "SMD", "NET_12", "", "R", 78.74, 59.055, 0, 0, 0],
		[54, "U2_1", 1258.82, -177.6, "T", "SMD", "$1N380", "", "R", 19.685, 35.433, 0, 0, 270],
		[55, "U2_2", 1258.82, -215, "T", "SMD", "GND", "GND", "R", 19.685, 35.433, 0, 0, 270],
		[56, "U2_3", 1258.82, -252.4, "T", "SMD", "$1N380", "", "R", 19.685, 35.433, 0, 0, 270],
		[57, "U2_4", 1361.18, -252.4, "T", "SMD", "NET_13", "", "R", 19.685, 35.433, 0, 0, 270],
		[58, "U2_5", 1361.18, -177.6, "T", "SMD", "3V3", "", "R", 19.685, 35.433, 0, 0, 270],
		[59, "U3_1", 1205.535, -614.055, "T", "SMD", "DOUT", "", "R", 9.843, 23.622, 0, 0, 180],
		[60, "U3_2", 1225.215, -614.055, "T", "SMD", "NET_14", "", "R", 9.843, 23.622, 0, 0, 180],
		[61, "U3_3", 1244.905, -614.055, "T", "SMD", "GND", "GND", "R", 9.843, 23.622, 0, 0, 180],
		[62, "U3_4", 1264.585, -614.055, "T", "SMD", "$1N1321", "", "R", 9.843, 23.622, 0, 0, 180],
		[63, "U3_5", 1294.055, -584.445, "T", "SMD", "NET_15", "", "R", 9.843, 23.622, 0, 0, 270],
		[64, "U3_6", 1294.055, -564.765, "T", "SMD", "NET_16", "", "R", 9.843, 23.622, 0, 0, 270],
		[65, "U3_7", 1294.055, -545.075, "T", "SMD", "3V3", "", "R", 9.843, 23.622, 0, 0, 270],
		[66, "U3_8", 1294.055, -525.395, "T", "SMD", "3V3", "", "R", 9.843, 23.622, 0, 0, 270],
		[67, "U3_9", 1264.525, -495.945, "T", "SMD", "SPK+", "", "R", 9.843, 23.622, 0, 0, 0],
		[68, "U3_10", 1244.845, -495.945, "T", "SMD", "SPK-", "", "R", 9.843, 23.622, 0, 0, 0],
		[69, "U3_11", 1225.155, -495.945, "T", "SMD", "GND", "GND", "R", 9.843, 23.622, 0, 0, 0],
		[70, "U3_12", 1205.535, -495.945, "T", "SMD", "NET_17", "", "R", 9.843, 23.622, 0, 0, 0],
		[71, "U3_13", 1175.945, -525.395, "T", "SMD", "NET_18", "", "R", 9.843, 23.622, 0, 0, 90],
		[72, "U3_14", 1175.945, -545.075, "T", "SMD", "LCLK", "", "R", 9.843, 23.622, 0, 0, 90],
		[73, "U3_15", 1175.945, -564.765, "T", "SMD", "GND", "GND", "R", 9.843, 23.622, 0, 0, 90],
		[74, "U3_16", 1175.945, -584.445, "T", "SMD", "BCLK", "", "R", 9.843, 23.622, 0, 0, 90],
		[75, "U3_17", 1235.005, -555.005, "T", "SMD", "GND", "GND", "R", 59.055, 59.055, 0, 0, 90],
		[76, "U4_1", 1308.15, -962.4, "T", "SMD", "5V", "", "R", 43.307, 23.622, 0, 0, 0],
		[77, "U4_2", 1308.15, -925, "T", "SMD", "GND", "GND", "R", 43.307, 23.622, 0, 0, 0],
		[78, "U4_3", 1308.15, -887.6, "T", "SMD", "X3V3", "", "R", 43.307, 23.622, 0, 0, 0],
		[79, "U4_4", 1201.85, -887.6, "T", "SMD", "NET_19", "", "R", 43.307, 23.622, 0, 0, 0],
		[80, "U4_5", 1201.85, -925, "T", "SMD", "5VEN", "", "R", 43.307, 23.622, 0, 0, 0],
		[81, "U4_6", 1201.85, -962.4, "T", "SMD", "5VEN", "", "R", 43.307, 23.622, 0, 0, 0],
		[82, "PAD1_2", 1171.46, -155, "T", "SMD", "5VEN", "", "R", 31.106, 21.26, 0, 0, 0],
		[83, "PAD2_1", 1128.54, -155, "T", "SMD", "GND", "GND", "R", 31.106, 21.26, 0, 0, 0],
		[84, "PAD3_2", 1166.46, -265, "T", "SMD", "$1N380", "", "R", 31.106, 21.26, 0, 0, 0],
		[85, "PAD4_1", 1123.54, -265, "T", "SMD", "GND", "GND", "R", 31.106, 21.26, 0, 0, 0],
		[86, "PAD5_2", 1420, -161.46, "T", "SMD", "3V3", "", "R", 31.106, 21.26, 0, 0, 270],
		[87, "PAD6_1", 1420, -118.54, "T", "SMD", "GND", "GND", "R", 31.106, 21.26, 0, 0, 270],
		[88, "PAD7_2", 1398.54, -510, "T", "SMD", "3V3", "", "R", 31.106, 21.26, 0, 0, 180],
		[89, "PAD8_1", 1441.46, -510, "T", "SMD", "GND", "GND", "R", 31.106, 21.26, 0, 0, 180],
		[90, "PAD9_2", 1398.54, -570, "T", "SMD", "3V3", "", "R", 31.106, 21.26, 0, 0, 180],
		[91, "PAD10_1", 1441.46, -570, "T", "SMD", "GND", "GND", "R", 31.106, 21.26, 0, 0, 180],
		[92, "PAD11_2", 1351.46, -1055, "T", "SMD", "GND", "GND", "R", 31.106, 21.26, 0, 0, 0],
		[93, "PAD12_1", 1308.54, -1055, "T", "SMD", "5V", "", "R", 31.106, 21.26, 0, 0, 0],
		[94, "PAD13_2", 1153.54, -1050, "T", "SMD", "GND", "GND", "R", 31.106, 21.26, 0, 0, 180],
		[95, "PAD14_1", 1196.46, -1050, "T", "SMD", "5VEN", "", "R", 31.106, 21.26, 0, 0, 180],
		[96, "PAD15_1", 1860, -269.213, "T", "DIP", "$1N1458", "", "C", 66.929, 66.929, 39.37, 39.37, 90],
		[97, "PAD15_1", 1860, -269.213, "B", "DIP", "$1N1458", "", "C", 66.929, 66.929, 39.37, 39.37, 90],
		[98, "PAD16_2", 1860, -170.788, "T", "DIP", "$1N1467", "", "C", 66.929, 66.929, 39.37, 39.37, 90],
		[99, "PAD16_2", 1860, -170.788, "B", "DIP", "$1N1467", "", "C", 66.929, 66.929, 39.37, 39.37, 90],
		[100, "PAD17_7", 1981.28, -1014.92, "T", "SMD", "GND", "GND", "R", 47.244, 70.866, 0, 0, 90],
		[101, "PAD18_5", 1828.72, -806.26, "T", "SMD", "EJECT", "", "R", 23.622, 61.024, 0, 0, 90],
		[102, "PAD19_4", 1828.72, -845.63, "T", "SMD", "GND", "GND", "R", 23.622, 61.024, 0, 0, 90],
		[103, "PAD20_3", 1828.72, -885, "T", "SMD", "X3V3", "", "R", 23.622, 61.024, 0, 0, 90],
		[104, "PAD21_2", 1828.72, -924.37, "T", "SMD", "GND", "GND", "R", 23.622, 61.024, 0, 0, 90],
		[105, "PAD22_1", 1828.72, -963.74, "T", "SMD", "5V", "", "R", 23.622, 61.024, 0, 0, 90],
		[106, "PAD23_6", 1981.28, -755.08, "T", "SMD", "GND", "GND", "R", 47.244, 70.866, 0, 0, 90],
		[107, "PAD24_2", 1120, -878.54, "T", "SMD", "$1N380", "", "R", 31.106, 21.26, 0, 0, 90],
		[108, "PAD25_1", 1120, -921.46, "T", "SMD", "5VEN", "", "R", 31.106, 21.26, 0, 0, 90],
		[109, "PAD26_1", 1607.445, -275, "T", "SMD", "SPK+", "", "R", 31.496, 34.016, 0, 0, 180],
		[110, "PAD27_2", 1662.555, -275, "T", "SMD", "$1N1458", "", "R", 31.496, 34.016, 0, 0, 180],
		[111, "PAD28_1", 1602.445, -170, "T", "SMD", "SPK-", "", "R", 31.496, 34.016, 0, 0, 180],
		[112, "PAD29_2", 1657.555, -170, "T", "SMD", "$1N1467", "", "R", 31.496, 34.016, 0, 0, 180],
		[113, "PAD30_2", 1272.96, -714.08, "T", "SMD", "$1N1321", "", "R", 22.27, 21.26, 0, 0, 180],
		[114, "PAD31_1", 1307.04, -714.08, "T", "SMD", "3V3", "", "R", 22.27, 21.26, 0, 0, 180],
		[115, "PAD32_2", 1395, -877.04, "T", "SMD", "X3V3", "", "R", 22.27, 21.26, 0, 0, 270],
		[116, "PAD33_1", 1395, -842.96, "T", "SMD", "GND", "GND", "R", 22.27, 21.26, 0, 0, 270],
		[117, "PAD34_1", 260.67, -160, "T", "SMD", "5VEN", "", "R", 78.74, 59.055, 0, 0, 0],
		[118, "PAD35_2", 260.67, -260, "T", "SMD", "GND", "GND", "R", 78.74, 59.055, 0, 0, 0],
		[119, "PAD36_12", 969.33, -760, "T", "SMD", "EJECT", "", "R", 78.74, 59.055, 0, 0, 0],
		[120, "PAD37_13", 969.33, -660, "T", "SMD", "DOUT", "", "R", 78.74, 59.055, 0, 0, 0],
		[121, "PAD38_14", 969.33, -560, "T", "SMD", "LCLK", "", "R", 78.74, 59.055, 0, 0, 0],
		[122, "PAD39_15", 969.33, -460, "T", "SMD", "BCLK", "", "R", 78.74, 59.055, 0, 0, 0],
		[123, "PAD40_1", 1258.82, -177.6, "T", "SMD", "$1N380", "", "R", 19.685, 35.433, 0, 0, 270],
		[124, "PAD41_2", 1258.82, -215, "T", "SMD", "GND", "GND", "R", 19.685, 35.433, 0, 0, 270],
		[125, "PAD42_3", 1258.82, -252.4, "T", "SMD", "$1N380", "", "R", 19.685, 35.433, 0, 0, 270],
		[126, "PAD43_5", 1361.18, -177.6, "T", "SMD", "3V3", "", "R", 19.685, 35.433, 0, 0, 270],
		[127, "PAD44_1", 1205.535, -614.055, "T", "SMD", "DOUT", "", "R", 9.843, 23.622, 0, 0, 180],
		[128, "PAD45_3", 1244.905, -614.055, "T", "SMD", "GND", "GND", "R", 9.843, 23.622, 0, 0, 180],
		[129, "PAD46_4", 1264.585, -614.055, "T", "SMD", "$1N1321", "", "R", 9.843, 23.622, 0, 0, 180],
		[130, "PAD47_7", 1294.055, -545.075, "T", "SMD", "3V3", "", "R", 9.843, 23.622, 0, 0, 270],
		[131, "PAD48_8", 1294.055, -525.395, "T", "SMD", "3V3", "", "R", 9.843, 23.622, 0, 0, 270],
		[132, "PAD49_9", 1264.525, -495.945, "T", "SMD", "SPK+", "", "R", 9.843, 23.622, 0, 0, 0],
		[133, "PAD50_10", 1244.845, -495.945, "T", "SMD", "SPK-", "", "R", 9.843, 23.622, 0, 0, 0],
		[134, "PAD51_11", 1225.155, -495.945, "T", "SMD", "GND", "GND", "R", 9.843, 23.622, 0, 0, 0],
		[135, "PAD52_14", 1175.945, -545.075, "T", "SMD", "LCLK", "", "R", 9.843, 23.622, 0, 0, 90],
		[136, "PAD53_15", 1175.945, -564.765, "T", "SMD", "GND", "GND", "R", 9.843, 23.622, 0, 0, 90],
		[137, "PAD54_16", 1175.945, -584.445, "T", "SMD", "BCLK", "", "R", 9.843, 23.622, 0, 0, 90],
		[138, "PAD55_17", 1235.005, -555.005, "T", "SMD", "GND", "GND", "R", 59.055, 59.055, 0, 0, 90],
		[139, "PAD56_3", 1308.15, -887.6, "T", "SMD", "X3V3", "", "R", 43.307, 23.622, 0, 0, 0],
		[140, "PAD57_2", 1308.15, -925, "T", "SMD", "GND", "GND", "R", 43.307, 23.622, 0, 0, 0],
		[141, "PAD58_1", 1308.15, -962.4, "T", "SMD", "5V", "", "R", 43.307, 23.622, 0, 0, 0],
		[142, "PAD59_6", 1201.85, -962.4, "T", "SMD", "5VEN", "", "R", 43.307, 23.622, 0, 0, 0],
		[143, "PAD60_5", 1201.85, -925, "T", "SMD", "5VEN", "", "R", 43.307, 23.622, 0, 0, 0]
	]
}
}